title,source,url,timestamp
New ‘RBG PAC’ Spending $19 Million From Secret Donors to Aid Trump on Abortion,New York Times,https://www.nytimes.com/2024/10/25/us/politics/trump-ruth-bader-ginsberg-abortion-ad.html,2024-10-25 11:04:29.183635
Late Lawsuit Could Shape Political Ad Wars in Final Days of Campaign,New York Times,https://www.nytimes.com/2024/10/25/us/politics/political-ad-lawsuit.html,2024-10-25 11:04:29.185638
Could Trump Win the Popular Vote but Lose the Electoral College?,New York Times,https://www.nytimes.com/2024/10/25/upshot/poll-trump-harris-election.html,2024-10-25 11:04:29.185638
Why Harris (With Beyoncé in Tow) Is Heading to Solidly Red Texas,New York Times,https://www.nytimes.com/2024/10/25/us/politics/harris-beyonce-houston-texas.html,2024-10-25 11:04:29.185638
What to Know About the Looming Election Certification Crisis,New York Times,https://www.nytimes.com/2024/10/25/magazine/election-certification-deniers-trump.html,2024-10-25 11:04:29.185638
"Harris and Trump Deadlocked to the End, Final Times/Siena National Poll Finds",New York Times,https://www.nytimes.com/2024/10/25/us/politics/poll-harris-trump-times-siena.html,2024-10-25 11:04:29.185638
The Crypto Website Where the Election Odds Swing in Trump’s Favor,New York Times,https://www.nytimes.com/2024/10/25/technology/polymarket-election-betting-crypto-trump.html,2024-10-25 11:04:29.185638
Betting Markets Favor Trump. But Their Record of Accuracy Is Mixed.,New York Times,https://www.nytimes.com/2024/10/25/us/elections/prediction-markets-election-polls.html,2024-10-25 11:04:29.185638
U.S. Bond Market Braces for the ‘Trump Trade’ of Large Tariffs and Deficits,New York Times,https://www.nytimes.com/2024/10/25/business/economy/trump-economy-markets-trade.html,2024-10-25 11:04:29.185638
"At Las Vegas Rally, Trump Grumbles About Obama’s Nobel Prize",New York Times,https://www.nytimes.com/2024/10/25/us/politics/trump-rally-las-vegas.html,2024-10-25 11:04:29.185638
Election 2024 Polls: New Hampshire,New York Times,https://www.nytimes.com/interactive/2024/us/elections/polls-president-new-hampshire.html,2024-10-25 11:04:33.969097
Election 2024 Polls: New York,New York Times,https://www.nytimes.com/interactive/2024/us/elections/polls-president-new-york.html,2024-10-25 11:04:33.969097
Election 2024 Polls: Nebraska C.D. 2,New York Times,https://www.nytimes.com/interactive/2024/us/elections/polls-president-nebraska-2.html,2024-10-25 11:04:33.969097
Election 2024 Polls: Maine C.D. 2,New York Times,https://www.nytimes.com/interactive/2024/us/elections/polls-president-maine-2.html,2024-10-25 11:04:33.969097
Fatal Drug Overdoses Are Dropping. Not Everyone Is Spared.,New York Times,https://www.nytimes.com/2024/10/25/us/drug-overdoses-opioids-fentanyl.html,2024-10-25 11:04:33.969097
DeSantis Is Going All Out to Defeat Florida’s Abortion Ballot Question,New York Times,https://www.nytimes.com/2024/10/25/us/desantis-is-going-all-out-to-defeat-floridas-abortion-ballot-question.html,2024-10-25 11:04:33.969097
The ‘Greenest Governor’ Fights to Save a Landmark Climate Law,New York Times,https://www.nytimes.com/2024/10/25/us/washington-state-climate-initiative-2117.html,2024-10-25 11:04:33.969097
Republicans Assumed a Nebraska Senate Seat Was Safe. Then This Candidate Came Along.,New York Times,https://www.nytimes.com/2024/10/25/opinion/nebraska-senate-dan-osborn.html,2024-10-25 11:04:43.976013
Don Jr. Is Making Plans,New York Times,https://www.nytimes.com/2024/10/25/opinion/donald-trump-jr-republican-party.html,2024-10-25 11:04:43.976013
Biden Has a Crucial Decision to Make on Ukraine,New York Times,https://www.nytimes.com/2024/10/25/opinion/ukraine-victory-plan-biden.html,2024-10-25 11:04:43.977517
Beyond Trump vs. Harris: These Races Will Shape Our Future,New York Times,https://www.nytimes.com/2024/10/25/opinion/congress-races-tester-sheehy-hogan-osborn.html,2024-10-25 11:04:43.977517
Maggie Haberman on What an Unleashed Trump Might Do,New York Times,https://www.nytimes.com/2024/10/25/opinion/ezra-klein-podcast-maggie-haberman.html,2024-10-25 11:04:43.977517
The Only Guardrail Left Is Us,New York Times,https://www.nytimes.com/2024/10/25/opinion/trump-milley-kelly-esper-generals.html,2024-10-25 11:04:43.977517
The Election Is Happening Too Soon,New York Times,https://www.nytimes.com/2024/10/24/opinion/polarization-harris-change.html,2024-10-25 11:04:43.977517
Trump’s Election Reversal Dreams Are Dead,New York Times,https://www.nytimes.com/2024/10/24/opinion/trump-election-outcome-law.html,2024-10-25 11:04:43.977517
"Elon Musk, Robert Kennedy and the Unconfirmables of a Second Trump Administration",New York Times,https://www.nytimes.com/2024/10/24/opinion/trump-elon-musk-robert-kennedy.html,2024-10-25 11:04:43.977517
"It’s the Inflation, Stupid: Why the Working Class Wants Trump Back",New York Times,https://www.nytimes.com/2024/10/24/opinion/trump-election-inflation-working-class.html,2024-10-25 11:04:43.978523
State of the Race: A Slight Shift Toward Trump but Still No Clear Favorite,New York Times,https://www.nytimes.com/2024/10/21/upshot/trump-harris-polls-election.html,2024-10-25 11:04:46.245756
"Why Does This Building by the Subway Need 193 Parking Spots? (Yes, Exactly 193.)",New York Times,https://www.nytimes.com/interactive/2024/10/21/upshot/parking-mandates.html,2024-10-25 11:04:46.245756
Harris May Be Catching Up on a Key Polling Question: Which Candidate Helps You?,New York Times,https://www.nytimes.com/2024/10/20/us/elections/trump-harris-policies-help-hurt.html,2024-10-25 11:04:46.245756
"Harris Has Championed Family Policies. Now Trump Likes Them, Too.",New York Times,https://www.nytimes.com/2024/10/19/upshot/harris-trump-family-policies.html,2024-10-25 11:04:46.245756
The Evidence for a Big Youth Gender Gap and a Right Turn for Young Men,New York Times,https://www.nytimes.com/2024/10/18/upshot/polls-trump-harris-young-men.html,2024-10-25 11:04:46.245756
"How Accurate, or Off-Target, Could the Polls Be This Year?",New York Times,https://www.nytimes.com/interactive/2024/10/17/us/politics/national-polls-election-results.html,2024-10-25 11:04:46.245756
State of the Race: A Close Race Gets Closer,New York Times,https://www.nytimes.com/2024/10/14/upshot/polling-trump-harris-election.html,2024-10-25 11:04:46.245756
Where Polls Can Mess Up (and What Pollsters Do About It),New York Times,https://www.nytimes.com/2024/10/14/us/elections/poll-problems-margin-of-error.html,2024-10-25 11:04:46.245756
Why Is Trump Gaining With Black and Hispanic Voters?,New York Times,https://www.nytimes.com/2024/10/13/upshot/trump-black-hispanic-voters-harris.html,2024-10-25 11:04:46.246756
